id,year,rank,school,games,wins,losses,win_percentage,conference_wins,conference_losses,home_wins,home_losses,away_wins,away_losses,offensive_rating,defensive_rating,net_rating,field_goals,field_goal_attempts,field_goal_percentage,3_pointers,3_pointer_attempts,3_pointer_percentage,effective_field_goal_percentage,free_throws,free_throw_attempts,free_throw_percentage,offensive_rebounds,total_rebounds,assists,steals,blocks,turnovers,personal_fouls,points,opponent_points,simple_rating
1,2021,1,Baylor,34,27,7,0.794,14,4,15,2,8,3,111.5,92.7,18.8,28.3,61.3,0.462,8.1,23.5,0.343,0.528,12.4,17.8,0.697,12.9,37.2,15.9,8.8,3.4,12.4,16.1,77,64.1,21.73
2,2021,2,Kansas,40,34,6,0.85,14,4,16,1,6,4,111.5,95.8,15.6,28.6,59.8,0.478,7.2,19.8,0.361,0.538,13.9,19.4,0.717,11,37.9,15.3,6.3,4.3,12.1,15.9,78.2,67.3,22.28
3,2021,3,Texas Tech,37,27,10,0.73,12,6,18,0,3,7,106,89.2,16.8,26.2,55.5,0.472,6.1,18.9,0.321,0.526,13.6,19.5,0.698,10.6,36.4,13.7,8,3.5,13.5,16.2,72.1,60.6,20.08
4,2021,4,Texas,34,22,12,0.647,10,8,16,3,4,7,105.9,93.4,12.5,24.5,55.5,0.441,6.6,20,0.33,0.501,13.2,17.7,0.746,10.4,33.3,13.2,7.7,3.4,11.6,17.9,68.8,60.6,17.01
5,2021,5,Oklahoma State,30,15,15,0.5,8,10,10,6,3,8,96.9,93.1,3.8,25.1,57.9,0.434,5.4,18.2,0.295,0.48,12.7,19.1,0.667,11.6,37.1,12.7,8.5,5.4,15.1,17.4,68.4,65.7,13.28
6,2021,6,TCU,34,21,13,0.618,8,10,12,4,4,6,101.1,95.8,5.3,25.4,57.7,0.439,5.5,18.3,0.302,0.487,12.2,18.1,0.674,13,39,13.6,6.4,4.1,14.5,15.5,68.5,64.9,13.72
7,2021,7,Iowa State,35,22,13,0.629,7,11,14,5,4,6,96.9,92.4,4.5,24.3,56.3,0.431,6.7,21.2,0.315,0.491,10.4,15.2,0.683,9.6,32.4,14.7,8.5,3.1,13.8,18.3,65.6,62.5,12.38
8,2021,8,Oklahoma,35,19,16,0.543,7,11,12,6,3,8,103,97,6,25.3,53.1,0.476,7.6,21.9,0.347,0.548,10.9,14.6,0.747,7.7,31.8,14,7.4,1.9,14.7,15.5,69.1,65,14.12
9,2021,9,Kansas State,31,14,17,0.452,6,12,9,7,5,7,101.5,99.2,2.3,24.1,57.4,0.42,8.4,24.3,0.346,0.494,12.3,17,0.726,8.9,33.2,12.5,7.3,1.6,11.5,17.1,69,67.5,10.61
10,2021,10,West Virginia,33,16,17,0.485,4,14,12,5,1,10,99.9,100.7,-0.8,23.6,57.1,0.413,6.3,19.2,0.328,0.468,14.9,20.6,0.724,10.8,32.2,10.5,7.8,4.5,12.4,17.4,68.5,69,10.23
11,2020,1,Baylor,30,28,2,0.933,13,1,11,0,7,1,118.6,93.7,24.9,30.6,62.9,0.486,10,24.1,0.413,0.565,11.8,16.7,0.708,12.5,36,16.9,8.9,3.7,11.5,17.1,82.9,65.5,24.83
12,2020,2,Kansas,30,21,9,0.7,12,6,14,1,4,6,104.3,95.7,8.6,26.3,60.3,0.436,7.6,22.1,0.342,0.499,12.9,18,0.716,11.1,37.5,13.8,6.9,4,12,15.3,73,67,15.29
13,2020,3,Oklahoma State,30,21,9,0.7,11,7,10,3,8,4,102.7,97.5,5.2,27.2,59.3,0.458,6.3,19.1,0.332,0.512,15.8,22.3,0.71,11.1,38.3,12.8,7.5,4.4,15.6,17.2,76.6,72.7,13.65
14,2020,4,Texas,27,19,8,0.704,11,6,8,5,6,2,105.5,96.8,8.7,26,57.3,0.454,8.6,24.1,0.356,0.529,13.8,19.4,0.71,10.8,38.4,13.2,6.5,4.1,14.6,19.7,74.4,68.2,15.51
15,2020,5,West Virginia,29,19,10,0.655,11,6,8,5,7,2,108.2,100.8,7.4,26.5,61.8,0.429,7.4,20.4,0.364,0.489,16.9,23.4,0.719,13.4,37.8,14,7.6,2.8,12,16.3,77.3,72,15.36
16,2020,6,Oklahoma,27,16,11,0.593,9,8,10,3,4,7,106.2,99.6,6.7,26.7,60.4,0.443,7.9,23,0.341,0.508,13.2,17.7,0.745,9.6,35.7,13.3,7.1,3.6,11,14.7,74.5,69.9,13.52
17,2020,7,Texas Tech,29,18,11,0.621,9,8,11,4,5,4,107.1,93.4,13.8,25.3,57.7,0.439,6.4,18,0.354,0.494,15.5,21.9,0.71,11.5,35,13,7.1,4,10.8,17.3,72.5,63.2,16.59
18,2020,8,TCU,26,12,14,0.462,5,11,6,7,3,6,98.4,104.9,-6.5,24,54.9,0.438,6.7,19.9,0.338,0.499,12,17.8,0.672,9.8,34.6,13,6,3.5,14.2,15.7,66.8,71.2,2.61
19,2020,9,Kansas State,29,9,20,0.31,4,14,6,12,2,7,92.9,105.6,-12.7,22.4,54.4,0.412,6.6,22.2,0.296,0.472,10.4,15.7,0.664,10.2,32.9,13,5.6,1.5,14.9,17,61.8,70.2,0.76
20,2020,10,Iowa State,24,2,22,0.083,0,18,2,10,0,11,93,108.8,-15.8,24.6,58.9,0.418,7.3,22.8,0.321,0.48,9,11.5,0.783,8.6,31.6,11.6,6.5,3.1,14.9,18.6,65.6,76.7,-0.72
21,2019,1,Kansas,31,28,3,0.903,17,1,14,1,11,1,109.4,89,20.3,27.5,56.7,0.484,6.4,18.6,0.344,0.541,13.3,19.9,0.667,10.7,38.6,13.9,7.6,4.7,12.8,14.6,74.6,60.7,24.96
22,2019,2,Baylor,30,26,4,0.867,15,3,14,1,8,2,106.4,89.9,16.4,25.4,59.3,0.429,7.7,21.9,0.351,0.494,12.6,18.3,0.69,12.9,36.9,13.8,8.1,4.4,11.9,17,71.1,60.1,20.13
23,2019,3,Oklahoma,31,19,12,0.613,9,9,12,3,4,8,100.8,96.7,4.1,24.5,58.3,0.42,7.2,22.7,0.318,0.482,14,18.2,0.766,8.4,36.9,11.8,6.1,4.4,11.1,13.4,70.2,67.4,13.48
24,2019,4,Texas,31,19,12,0.613,9,9,11,6,6,5,96.9,95.6,1.3,23.9,55.8,0.428,8,23.9,0.334,0.499,8.4,12.3,0.685,9,31.8,11.6,5.5,4.3,13.5,18.3,64.2,63.3,10.47
25,2019,5,Texas Tech,31,18,13,0.581,9,9,13,4,3,7,103.8,91.6,12.1,25.1,55.6,0.452,7.2,20.4,0.355,0.517,14.5,19.2,0.754,9,33.3,15.4,7.7,4,13.6,17.6,71.9,63.5,16.83
26,2019,6,West Virginia,31,21,10,0.677,9,9,14,2,4,8,100.9,89.6,11.3,25,59.1,0.422,5,17.5,0.286,0.465,15.4,23.9,0.642,15.2,40.5,12.4,7.7,3.6,14.4,18.5,70.3,62.4,18.51
27,2019,7,Oklahoma State,32,18,14,0.563,7,11,10,6,5,7,98.7,96.5,2.2,23.7,55.7,0.425,5.9,18.8,0.315,0.478,14.4,19.6,0.734,10.1,35.7,11.8,6.8,3.8,13.3,17.9,67.6,66.1,12.01
28,2019,8,TCU,32,16,16,0.5,7,11,14,5,1,9,98.5,97.8,0.7,23.7,56.2,0.422,8.6,24.3,0.352,0.498,9.5,14.9,0.637,11.2,34.9,14.6,6.9,4.9,14.2,16.4,65.4,65,9.86
29,2019,9,Iowa State,32,12,20,0.375,5,13,11,6,0,11,101.8,103.2,-1.4,26.1,59.5,0.439,7.1,22.4,0.316,0.498,12.7,17,0.746,10.2,34.3,13.8,7.4,4.2,13.3,16.2,72,73,9.1
30,2019,10,Kansas State,32,11,21,0.344,3,15,9,7,1,10,95.1,96.3,-1.2,22.5,54.4,0.414,6.7,21.3,0.313,0.475,12.5,18.9,0.661,10.3,32.8,12.4,8.7,2.4,14.3,19.1,64.2,65,8.7
31,2018,1,Kansas State,34,25,9,0.735,14,4,13,2,7,5,101.3,91.7,9.6,23.7,55.2,0.429,7.1,21.2,0.334,0.493,11.3,16.9,0.667,9.6,33.4,13.6,7.5,2.2,11.3,16.2,65.8,59.6,15.39
32,2018,2,Texas Tech,38,31,7,0.816,14,4,17,1,6,3,106.9,87.4,19.5,26.1,55.5,0.469,7.3,20,0.365,0.535,13.4,18.3,0.732,8.3,34.1,13.6,7.3,4.9,12,17.4,72.8,59.5,22.79
33,2018,3,Kansas,36,26,10,0.722,12,6,16,0,3,8,106.5,98.7,7.8,27.5,59.1,0.465,7.2,20.6,0.35,0.526,13.5,19.2,0.705,10.4,38.2,13.3,6.8,3.9,13.1,16.9,75.7,70.1,18.35
34,2018,4,Baylor,34,20,14,0.588,10,8,13,5,5,6,107.6,101.4,6.2,25.6,57.8,0.442,8.1,23.6,0.341,0.512,12.6,18.7,0.677,13.2,37.7,13.9,6.1,4.7,13.1,18.7,71.8,67.7,13.38
35,2018,5,Iowa State,35,23,12,0.657,9,9,12,4,5,6,112.7,99.9,12.9,27.8,58.5,0.476,8.4,23.2,0.363,0.548,12.9,17.6,0.732,9.3,35.1,15.1,7.1,4.6,10.8,14.8,76.9,68.1,18.07
36,2018,6,Texas,37,21,16,0.568,8,10,15,6,2,8,105.9,99,6.8,25.1,58,0.433,8.8,25.2,0.348,0.509,12,17.2,0.699,9.7,34.2,13.1,6.1,4.1,10.8,16.9,71,66.4,16.06
37,2018,7,Oklahoma,34,20,14,0.588,7,11,11,4,5,7,102.4,98,4.4,26,58.1,0.447,6.6,19.2,0.346,0.504,12.7,18.2,0.697,9,37.1,12.6,6,3,11.8,15.5,71.3,68.2,15.3
38,2018,8,TCU,37,23,14,0.622,7,11,15,5,3,7,104.9,98.9,6,26.8,58.6,0.457,7.6,22,0.346,0.521,12.7,18.6,0.682,10.7,36.4,16.2,6.9,4.4,13.5,15.8,73.8,69.6,13.81
39,2018,9,Oklahoma State,32,12,20,0.375,5,13,8,7,2,10,101,106.1,-5.1,23.8,56.1,0.423,8.8,23.5,0.372,0.501,11.8,17.2,0.689,9.2,34.2,13.2,5.7,4.3,12.1,16.1,68.1,71.5,8.09
40,2018,10,West Virginia,36,15,21,0.417,4,14,11,7,0,10,101.5,106.5,-5,25,60.6,0.413,7.5,23.7,0.316,0.475,16.2,23.6,0.688,14.4,39.6,13.6,6.2,3.5,15.5,19.6,73.8,77.4,6.94
41,2017,1,Kansas,39,31,8,0.795,13,5,14,3,8,3,115.5,102,13.5,29.9,60.7,0.492,10,25,0.401,0.575,11.6,16.4,0.708,9.8,35.6,16.6,6.5,4.1,11.7,15.3,81.4,71.9,21.39
42,2017,2,Texas Tech,37,27,10,0.73,11,7,17,1,4,6,108.4,94.2,14.2,26.1,56.6,0.46,6.8,19,0.359,0.52,15.6,22.2,0.704,11,36,14.3,7.1,4.3,12.3,18.1,74.6,64.8,19.38
43,2017,3,West Virginia,37,26,11,0.703,11,7,14,3,5,5,113.2,98.3,14.9,28,64.2,0.436,8.7,24.6,0.353,0.504,15.4,20.1,0.766,14.1,37.9,15.2,8.1,5.2,11.4,21.6,80.1,69.6,19.89
44,2017,4,Kansas State,37,25,12,0.676,10,8,14,3,6,5,106.4,100.3,6.2,25.3,54.7,0.463,6.9,20.1,0.341,0.525,13.6,18.5,0.734,8.2,30.7,13.8,7.9,3,11.4,18.5,71.1,67,12.85
45,2017,5,TCU,33,21,12,0.636,9,9,15,3,3,7,115.1,105.7,9.4,29.7,59.8,0.496,8.3,21,0.395,0.566,14.4,20.4,0.706,11.2,36.4,18.6,6.5,3.6,12.7,16.8,82.1,75.4,16.38
46,2017,6,Baylor,34,19,15,0.559,8,10,15,5,2,9,109.1,100.5,8.6,27.7,59,0.469,6.4,17.9,0.357,0.523,13.8,18.8,0.734,11.8,38,15.2,5.4,4.5,13.6,17.9,75.6,69.7,14.6
47,2017,7,Oklahoma,32,18,14,0.563,8,10,13,2,2,9,109.8,105.6,4.2,29.8,64.5,0.462,9.4,26.1,0.359,0.535,15.9,21.4,0.746,10.6,38.4,15,6.5,4.7,13.4,17.2,84.9,81.7,13.81
48,2017,8,Oklahoma State,36,21,15,0.583,8,10,15,6,3,7,107.4,102.7,4.7,26.6,61.8,0.431,8.2,23.6,0.348,0.498,15.1,19.9,0.757,12.9,37.4,14.3,6.6,4,12.9,19.2,76.6,73.3,12.45
49,2017,9,Texas,34,19,15,0.559,8,10,13,4,3,7,103.9,99.2,4.8,25.9,59.1,0.439,7.2,22.5,0.32,0.5,13,19.5,0.665,10.6,35.8,11.6,6.1,4.9,11.7,16.1,72.1,68.8,13.96
50,2017,10,Iowa State,31,13,18,0.419,4,14,9,7,0,10,103.9,107.6,-3.7,26.4,60.3,0.437,7.5,21.1,0.358,0.499,12.6,18,0.7,10.9,36.6,13.6,4.8,4.2,11.9,16.4,72.8,75.5,6.88
51,2016,1,Kansas,36,31,5,0.861,16,2,14,1,10,1,115.4,99.7,15.7,29.8,60.9,0.488,8.8,21.9,0.404,0.561,14.9,21.9,0.678,11.9,38.7,16.2,6.9,4.5,12.7,17.8,83.2,71.9,23.53
52,2016,2,Baylor,35,27,8,0.771,12,6,15,2,6,4,111.5,97.5,14.1,26.3,55.9,0.471,6.6,18.3,0.359,0.53,13.7,18.9,0.723,12.9,38,15.5,5.1,4.7,13.4,17.6,72.9,63.7,19.75
53,2016,3,Iowa State,35,24,11,0.686,12,6,12,3,5,6,112.5,100.6,11.9,29.5,62.5,0.472,9.8,24.6,0.4,0.55,12.1,17.3,0.7,9.1,34.8,15.8,7.8,3.5,10.1,15.9,80.8,72.3,20.51
54,2016,4,West Virginia,37,28,9,0.757,12,6,16,2,6,4,112.2,91.8,20.4,28.6,63.1,0.454,7.4,20.5,0.362,0.513,16.8,24.5,0.685,14.4,37.5,16.4,10,4.8,12.3,20.4,81.5,66.7,24.45
55,2016,5,Oklahoma State,33,20,13,0.606,9,9,11,5,7,5,117.8,107.9,10,29,62.1,0.467,8.9,22.2,0.402,0.539,18.8,23.8,0.789,13.8,36.8,14.7,7.6,3,13.1,22.1,85.7,78.5,19.19
56,2016,6,Kansas State,35,21,14,0.6,8,10,11,5,5,6,106.4,100,6.4,24.8,53.8,0.461,7.1,19.5,0.362,0.527,15.4,22.1,0.694,9.4,32.3,14.9,7.7,3.7,12.9,18,72.1,67.8,14.8
57,2016,7,TCU,39,24,15,0.615,6,12,15,6,4,8,108.8,101.5,7.3,27.3,58.6,0.466,7.2,20.3,0.354,0.527,13,18.9,0.686,11.6,36,16.9,6.6,4.5,12.9,17.3,74.7,69.7,15.64
58,2016,8,Texas Tech,32,18,14,0.563,6,12,16,3,1,9,109.6,100.2,9.3,26.1,55.5,0.47,6.6,18,0.367,0.53,14.5,19.8,0.733,9.3,32.8,13.3,5.3,3.1,11.1,17.6,73.3,67.1,14.11
59,2016,9,Oklahoma,31,11,20,0.355,5,13,8,7,1,9,100.6,102.3,-1.6,25.4,60.1,0.423,6.2,18,0.344,0.475,15.9,22.1,0.721,11.6,37.8,10.6,6.9,4.7,13.8,19.4,73,74.2,11.42
60,2016,10,Texas,33,11,22,0.333,4,14,10,7,0,11,97.9,100.5,-2.6,24.5,55.9,0.439,5.5,18.8,0.292,0.488,12.5,19.3,0.65,9.8,34.3,11.4,5.8,4.5,13.4,17.8,67.1,68.9,10.99
61,2015,1,Kansas,38,33,5,0.868,15,3,16,0,7,3,115.1,95.7,19.3,28.7,58.1,0.495,8,19.2,0.418,0.564,15.8,22.2,0.713,10.6,38,15.9,6.7,4.2,12.6,18.9,81.3,67.6,23.87
62,2015,2,West Virginia,35,26,9,0.743,13,5,13,2,7,4,110.3,93.7,16.6,26.9,60.1,0.449,6,18.4,0.325,0.498,18.7,27.8,0.673,15.9,39.4,14.6,9.8,2.7,14.2,23.4,78.5,66.7,21.61
63,2015,3,Oklahoma,37,29,8,0.784,12,6,14,1,7,5,111,99,12,27.5,60.1,0.458,10.3,24.5,0.422,0.543,14.3,19.8,0.722,11,38.3,14.5,6.7,5.1,13.1,17,79.7,71.1,19.76
64,2015,4,Texas,33,20,13,0.606,11,7,14,3,5,5,106.1,101.5,4.6,24.7,57.1,0.432,7,20.6,0.341,0.494,15,22.5,0.666,11,34.5,11.4,5.1,4.4,10.3,20.8,71.4,68.3,14.8
65,2015,5,Baylor,34,22,12,0.647,10,8,15,5,6,5,112.8,101.8,11,27.4,58.9,0.466,6.2,16.8,0.367,0.518,16,22.1,0.725,13.7,37.3,17.7,7.9,4,12.7,19.4,77.1,69.6,16.13
66,2015,6,Iowa State,35,23,12,0.657,10,8,14,2,4,7,113.1,103.7,9.4,31.1,61.7,0.503,8.4,21.7,0.387,0.571,11.3,16.1,0.702,8.7,35.5,16.5,6.2,4.1,11.4,15.5,81.8,75,16.93
67,2015,7,Texas Tech,32,19,13,0.594,9,9,14,3,3,7,106.7,103.5,3.2,24.5,54.8,0.448,5.8,16.7,0.346,0.5,17.2,23.2,0.742,10.2,33.9,13.1,5.9,4.2,12,18.4,72,69.9,12.41
68,2015,8,Kansas State,33,17,16,0.515,5,13,12,5,2,9,102.9,99.2,3.7,24.4,56.8,0.429,5.3,17.7,0.3,0.476,16.6,24.2,0.688,13.2,36.5,13.9,7.5,2.8,13.9,20,70.7,68.2,12.31
69,2015,9,Oklahoma State,32,12,20,0.375,3,15,8,8,1,9,101.1,102.1,-1,22.6,53.4,0.423,6.4,19.5,0.328,0.483,14.9,20.4,0.729,9.7,34.7,12.2,5.6,4.1,12.6,19.9,66.5,67.1,8.18
70,2015,10,TCU,33,12,21,0.364,2,16,9,9,1,10,95.7,102.2,-6.5,22.2,54.8,0.406,5.7,16.9,0.335,0.457,16.8,25,0.671,10.8,33.7,11.6,6.5,3.8,14.5,20.5,66.9,71.5,4.07
71,2014,1,Kansas,36,27,9,0.75,13,5,15,0,5,5,106.3,96.8,9.5,24.1,54.9,0.44,5.9,15.6,0.379,0.494,16.9,23.4,0.724,11.8,37.9,13.2,6.6,4.9,12.9,17.8,71.1,64.8,18.47
72,2014,2,Iowa State,34,25,9,0.735,12,6,15,1,6,5,111.4,98.8,12.6,27.6,58,0.476,7.7,21.4,0.362,0.543,14.8,21.2,0.696,9.5,35.9,16.1,6.4,3.9,11,15.5,77.8,69,17.94
73,2014,3,Oklahoma,35,24,11,0.686,12,6,14,1,5,6,105.2,92.4,12.8,25.3,58.1,0.435,6.7,19.7,0.343,0.493,14.1,19.1,0.741,11.1,38.1,12.3,6.8,5,12,16.3,71.5,62.7,18.65
74,2014,4,Baylor,34,24,10,0.706,11,7,16,2,6,5,109.2,95.2,14,23.9,55.1,0.434,6.9,18.4,0.377,0.497,14.3,21.3,0.674,14.6,39.2,14.6,7.7,3.9,12.8,16.6,69.1,60.2,17.85
75,2014,5,West Virginia,35,25,10,0.714,11,7,12,3,5,5,104.9,96.5,8.4,24.9,61.1,0.408,6.5,20.5,0.316,0.461,16.3,24.7,0.662,16.4,36.3,14.1,10.7,2.7,12.9,23.5,72.6,66.8,15.12
76,2014,6,Kansas State,32,15,17,0.469,8,10,13,4,1,10,99.5,100.8,-1.3,21.6,49.8,0.433,4.4,13.2,0.335,0.477,15.5,22.9,0.676,10.6,31.7,13,6.1,2.3,13.3,20,63,63.8,8.48
77,2014,7,Oklahoma State,32,18,14,0.563,8,10,12,4,3,8,103.6,96.5,7.1,22.9,52.1,0.44,7.1,20.2,0.349,0.507,14.6,20.2,0.726,9,32.5,11.4,7.9,4.9,12.3,19.2,67.5,62.8,12.95
78,2014,8,Texas,34,20,14,0.588,8,10,13,5,4,7,105.9,94.7,11.1,23.4,54,0.433,6.2,18.4,0.339,0.491,14.3,19.7,0.724,12.4,39.7,13,3.8,7.8,12.8,16.3,67.4,60.3,16.16
79,2014,9,TCU,33,18,15,0.545,4,14,13,6,2,8,104.6,95.7,8.9,24,54.8,0.437,4.5,13.9,0.327,0.479,15.7,25.5,0.615,13.5,36.8,13.2,6.3,5.3,12,20.6,68.2,62.4,11.1
80,2014,10,Texas Tech,32,13,19,0.406,3,15,13,6,0,10,95.9,101.3,-5.4,20.4,50.3,0.405,5.3,16.4,0.323,0.457,14.9,23.2,0.642,11.7,33.5,11.1,5.8,4.1,13.8,17.4,60.9,64.3,3.77
81,2013,1,Kansas,35,25,10,0.714,14,4,14,1,5,6,114.3,101.5,12.8,27.3,55.3,0.493,5.4,15.9,0.34,0.542,19,26.7,0.711,11.9,38.2,14.9,5.8,5.6,13.2,20.9,79,70.1,20.25
82,2013,2,Oklahoma,33,23,10,0.697,12,6,14,3,5,4,113,104.8,8.2,27.5,61.6,0.447,8.6,22.8,0.379,0.517,18.2,24.3,0.749,12.1,37.6,14.6,6.8,3.3,11.4,18.9,81.9,76,14.91
83,2013,3,Iowa State,36,28,8,0.778,11,7,15,1,4,6,113.9,102,11.8,29.5,62.2,0.474,8.4,23.3,0.358,0.542,15.7,22.6,0.693,10.4,38.5,18.4,5.9,2.9,10.6,17.3,83,74.4,18.52
84,2013,4,Texas,35,24,11,0.686,11,7,16,2,4,6,107,101.9,5.1,25.9,59.9,0.432,5.1,15.6,0.327,0.474,17.4,26,0.671,15.1,41.4,12.9,5.7,5.9,12.2,19.1,74.2,70.7,12.67
85,2013,5,Kansas State,33,20,13,0.606,10,8,15,2,2,7,104.2,98.6,5.5,24.2,55.8,0.434,6,18.1,0.331,0.488,14.7,22.5,0.656,12.3,35.8,15.2,6.2,3,12.2,21.6,69.1,65.4,12.14
86,2013,6,Baylor,38,26,12,0.684,9,9,13,4,5,5,115.1,104.3,10.8,25.2,55.5,0.455,7.4,19.1,0.386,0.521,17,25,0.68,13.8,38.3,14.8,5.2,5.3,11.6,17.1,74.8,67.8,15.8
87,2013,7,West Virginia,33,17,16,0.515,9,9,11,5,3,9,111.7,106.3,5.4,26.2,59.8,0.439,7.8,20.5,0.381,0.504,16.8,23.4,0.721,11.9,35.6,13.1,6.2,3,9.8,20.7,77.2,73.4,11.78
88,2013,8,Oklahoma State,34,21,13,0.618,8,10,13,3,3,7,112.8,97.8,15,26.4,57.1,0.463,7,19.3,0.364,0.524,20.4,28.4,0.719,9.8,35.4,13.6,7.6,4.7,10.5,20,80.2,69.6,19.02
89,2013,9,Texas Tech,32,14,18,0.438,6,12,11,6,2,10,107.2,107.2,0,24.5,53.7,0.456,4.4,14.1,0.311,0.497,15.1,20.8,0.728,11.8,32.9,11.4,6.1,3.7,12,18.9,68.4,68.4,8.61
90,2013,10,TCU,31,9,22,0.29,0,18,5,10,3,9,95.6,108.8,-13.3,21.1,52.4,0.403,4.7,14.6,0.322,0.448,16.7,22.9,0.732,8.4,29.9,11.4,6,3.2,11.7,17.2,63.6,72.5,-1.33
91,2012,1,Kansas,37,31,6,0.838,14,4,16,1,7,3,109.1,89.9,19.2,26.6,55.4,0.481,5.8,16.1,0.364,0.533,16.1,21.9,0.737,10.8,36.6,15.5,7,6.7,14,16.8,75.2,61.9,20.79
92,2012,2,Kansas State,35,27,8,0.771,14,4,15,1,7,3,108.5,95,13.4,24.9,57.2,0.436,6.8,18.8,0.362,0.495,12.3,18,0.685,13.4,32.7,15.9,7.1,3.7,11.5,18,69,60.4,13.54
93,2012,3,Oklahoma State,33,24,9,0.727,13,5,15,2,5,5,104.8,91.9,12.9,24.7,56.2,0.439,5.5,17.6,0.316,0.488,17,22.8,0.746,10.7,33.6,12.1,7.5,4.7,12.5,18.1,71.8,63,15.57
94,2012,4,Oklahoma,32,20,12,0.625,12,7,12,2,5,7,104.9,98.5,6.4,25.1,57.7,0.435,5,15.4,0.323,0.478,15.5,20.4,0.757,11.8,33.3,12.3,6.4,2.8,11.8,17.4,70.6,66.3,11.4
95,2012,5,Iowa State,35,23,12,0.657,11,7,16,1,4,7,111.8,100,11.8,27.5,60.3,0.456,9.9,26.4,0.374,0.538,14.5,19.9,0.731,12.1,35.4,16,6.4,2.8,13.1,16.9,79.4,71,14.5
96,2012,6,Baylor,37,23,14,0.622,9,9,15,5,4,7,110.3,96.3,13.9,27.1,58.9,0.46,6.9,19.7,0.353,0.519,14.9,21.5,0.691,12,34.6,15.8,6.6,4.5,11.9,17.1,76,66.4,15.07
97,2012,7,Texas,34,16,18,0.471,7,11,12,4,2,10,95.9,96,-0.1,22.8,55.3,0.413,5.1,17.1,0.297,0.459,14.9,22.5,0.659,12.3,34.7,11.5,6.4,4.8,14.7,19.3,65.6,65.6,6.84
98,2012,8,West Virginia,32,13,19,0.406,6,13,8,6,3,9,100.6,103.5,-2.9,22.6,55.3,0.408,5.3,16.9,0.316,0.456,15.7,22.5,0.695,13.4,31.9,12.4,7.3,3.7,13,19.6,66.1,68.1,4.61
99,2012,9,Texas Tech,31,11,20,0.355,3,15,9,11,1,8,95.4,106.3,-10.8,23.3,55.2,0.421,4.8,16.7,0.288,0.465,14,21,0.667,11.3,29.3,11.1,8.2,3,14.7,19.2,65.4,72.8,-3.1
100,2012,10,TCU,32,11,21,0.344,2,16,9,9,1,10,89.2,101.4,-12.2,19.7,49.2,0.401,3.7,11.8,0.311,0.438,11.9,19.9,0.601,10.8,29,10.1,5.4,2.8,13.5,16.5,55,62.6,-4.28
101,2011,1,Kansas,39,32,7,0.821,16,2,16,0,8,2,108.8,91.4,17.5,26.2,55.6,0.472,5.7,16.5,0.345,0.523,15.3,22.1,0.692,11.5,35.1,15.1,7.3,5.7,13,17.4,73.5,61.7,21.72
102,2011,2,Missouri,35,30,5,0.857,14,4,16,1,7,3,120.7,99.6,21.2,28,55.6,0.504,8.4,21.1,0.398,0.58,16,20.9,0.766,9.1,29.3,16.2,8.1,2.8,10.2,14.3,80.4,66.3,19.77
103,2011,3,Baylor,38,30,8,0.789,12,6,14,3,8,3,111,97.1,13.9,26.4,56.5,0.467,6.8,17.8,0.383,0.528,15.1,20,0.754,12.4,33.7,15,7.5,4.7,13.7,17.7,74.7,65.3,16.54
104,2011,4,Iowa State,34,23,11,0.676,12,6,16,2,4,7,108.6,99.7,8.9,24.9,55.5,0.449,8.6,23.1,0.373,0.526,14.8,21.5,0.688,10.9,34.5,14.2,5.8,2.8,12.3,16.1,73.2,67.2,13.32
105,2011,5,Kansas State,33,22,11,0.667,10,8,11,4,6,4,104.8,94.6,10.2,24.6,56,0.439,5.5,16.5,0.335,0.489,16.2,24.2,0.671,14.3,34.2,14.2,6.1,4.7,14.4,20.1,71,64.1,14.47
106,2011,6,Texas,34,20,14,0.588,9,9,15,3,4,7,108.1,99.4,8.8,24.6,56.7,0.434,5.8,17.7,0.328,0.485,17.7,24.1,0.733,13.3,32.9,12.3,6.8,3.7,12.5,19.4,72.6,66.8,14
107,2011,7,Oklahoma State,33,15,18,0.455,7,11,11,4,2,8,99.9,101.7,-1.8,22.6,53.2,0.425,6.4,19.2,0.333,0.485,15.3,20.8,0.739,8,29.2,11.4,6.5,4.2,12,19.1,66.9,68.2,7.02
108,2011,8,Oklahoma,31,15,16,0.484,5,13,11,5,1,8,102.4,101.5,0.9,25.6,58.9,0.435,4.5,12.9,0.352,0.473,13.3,18.3,0.727,13,34,13.9,6.3,3.1,12.8,17.4,69.1,68.5,7.28
109,2011,9,Texas A&M,32,14,18,0.438,4,14,11,7,1,8,96.2,96.8,-0.6,22.9,53,0.432,5.1,15.3,0.33,0.48,10.3,15.7,0.657,10.9,30.8,11.7,5.7,2.2,13.9,17.9,61.1,61.5,5.57
110,2011,10,Texas Tech,31,8,23,0.258,1,17,7,8,1,11,90.6,103.9,-13.3,20.8,47.4,0.438,4.6,12.8,0.357,0.486,13.4,19,0.702,7.8,27.4,11.1,5.2,3,17.1,21.2,59.5,68.2,-2.61
111,2010,1,Kansas,38,35,3,0.921,14,2,16,1,9,1,116,92.4,23.5,29.3,57.7,0.508,7.1,18.7,0.382,0.57,15.4,22.7,0.679,11.8,38.8,17.7,7.8,4,13.3,17.5,81.2,64.7,24.1
112,2010,2,Texas,36,28,8,0.778,13,3,16,2,7,3,109.9,91.1,18.8,26.5,58.3,0.455,5.6,14.9,0.376,0.502,16.4,25.1,0.654,13.7,40.3,13.5,5.8,5.1,11.8,17.1,75,62.2,20.82
113,2010,3,Kansas State,34,23,11,0.676,10,6,16,1,5,5,105.9,96.2,9.7,25,57,0.438,7,18.6,0.376,0.499,15.9,24.4,0.655,14.4,37.6,13.9,6.1,4.5,14.6,20.4,72.9,66.1,14.59
114,2010,4,Texas A&M,33,24,9,0.727,10,6,15,2,5,4,106.6,95,11.6,23,52.1,0.441,5.5,16.2,0.339,0.494,16.9,24.2,0.697,12.5,36.2,13.5,6.5,1.5,12.9,18.2,68.3,60.9,12.62
115,2010,5,Colorado,38,24,14,0.632,8,8,18,2,3,9,114,105,9,27.8,58.9,0.473,6.1,16.3,0.372,0.524,17.9,23,0.778,11.8,36,13.8,6.8,2.9,11.7,18.3,79.6,73.3,11.45
116,2010,6,Missouri,34,23,11,0.676,8,8,17,1,2,7,110.3,97.7,12.6,28.9,63.1,0.458,7.2,19.7,0.366,0.515,15.8,21.4,0.739,12.5,35.2,16.4,9.7,5,12.7,20.3,80.8,71.6,14.77
117,2010,7,Baylor,31,18,13,0.581,7,9,15,3,2,6,104,95.8,8.2,24.3,52.2,0.465,5.3,15.3,0.346,0.515,15.7,22.5,0.695,11.6,35.1,11.8,7,4.2,15.7,16.9,69.5,64,10
118,2010,8,Nebraska,32,19,13,0.594,7,9,17,2,1,8,102.1,93,9,24.2,52.4,0.461,5.1,16.3,0.314,0.51,12.9,18.4,0.702,9.5,35.3,13,6.5,3.6,13.5,17.2,66.4,60.5,10.54
119,2010,9,Oklahoma State,34,20,14,0.588,6,10,14,2,1,10,101.6,99.3,2.4,23.3,53.4,0.436,4.2,14.3,0.295,0.475,17.4,24.1,0.725,11.1,34.6,9.9,6.7,2.9,13.4,20.8,68.2,66.6,8.53
120,2010,10,Oklahoma,32,14,18,0.438,5,11,12,4,1,10,100.7,104.9,-4.2,23.1,51.5,0.448,6.2,18.3,0.337,0.508,13.7,18.5,0.738,8.5,30.3,12.5,5.6,2.8,13.6,18.3,66,68.7,3.71
121,2010,11,Texas Tech,32,13,19,0.406,5,11,11,7,2,9,103.2,106.2,-3,25.8,57.9,0.445,5.6,15.3,0.365,0.493,16.1,22.1,0.729,11.3,33.8,13.3,5.9,4.3,13.8,20,73.2,75.3,4.02
122,2010,12,Iowa State,32,16,16,0.5,3,13,13,6,2,9,104.6,98.6,6,27.2,62.3,0.437,8.6,23.3,0.368,0.506,11.9,16.5,0.721,11,36.6,15,6.8,3.7,12.5,16.4,74.8,70.5,8.86
123,2009,1,Kansas,36,33,3,0.917,15,1,18,0,9,2,116.8,91.9,24.9,28.7,58.6,0.489,7.3,18,0.404,0.551,16.9,24.2,0.699,13,40.5,16.9,8.4,6.4,13.1,18.3,81.6,64.2,24.68
124,2009,2,Baylor,36,28,8,0.778,11,5,15,1,6,4,113.7,97,16.8,27.6,56.7,0.487,7.1,18.4,0.385,0.549,14.7,20.3,0.725,12.3,39.1,14.1,6.6,6.7,13.6,17.8,77,65.6,17.97
125,2009,3,Kansas State,37,29,8,0.784,11,5,13,3,7,2,110.5,96.8,13.7,26.5,59,0.45,6.8,19,0.36,0.508,19.8,29.7,0.668,15.1,38.8,14.6,7.4,5.1,14.3,22.4,79.7,69.8,19.88
126,2009,4,Texas A&M,34,24,10,0.706,11,5,15,1,5,5,106.2,95.9,10.2,23.9,54.3,0.44,6.2,18.4,0.335,0.497,17.4,26.2,0.661,11.8,36.8,12.3,6.6,3.3,12.3,18.2,71.4,64.5,15.24
127,2009,5,Missouri,34,23,11,0.676,10,6,16,2,4,6,108,92.6,15.4,27.2,61.9,0.44,7.6,20.6,0.368,0.501,15.2,21,0.724,13,35.3,15.4,10.9,4.7,12.7,19.3,77.3,66.2,17.39
128,2009,6,Oklahoma State,33,22,11,0.667,9,7,15,1,3,7,107.2,98.6,8.5,25.4,56.4,0.451,8.3,23.8,0.349,0.524,14.7,20.6,0.714,9.9,35.4,12.5,6.5,2.5,12.7,20.1,73.8,68,12.34
129,2009,7,Texas,34,24,10,0.706,9,7,15,2,5,6,109.2,94.1,15,29.6,63.5,0.466,5.7,16.6,0.345,0.511,16.4,25.8,0.633,14.8,41.9,14.4,7.9,5.7,13.6,19.7,81.2,70,18.56
130,2009,8,Colorado,31,15,16,0.484,6,10,13,3,1,10,107,106.4,0.6,24.9,52.7,0.473,6.6,17.1,0.388,0.536,18.1,23.6,0.766,7.4,28.5,14.3,8.3,2.3,13.2,21.3,74.6,74.2,7.01
131,2009,9,Iowa State,32,15,17,0.469,4,12,11,7,3,7,103.1,99.6,3.5,25.1,56.6,0.444,6.3,16.9,0.37,0.499,13.8,21,0.657,12.1,37.3,13.8,5.1,4.8,13.8,15.3,70.3,67.9,9.6
132,2009,10,Oklahoma,31,13,18,0.419,4,12,11,4,1,10,105.3,107.5,-2.3,24.7,57.5,0.43,8.1,23.3,0.35,0.501,14.5,19.5,0.744,10.5,34.4,12.6,5.8,2.7,12.3,16.3,72.1,73.6,6.24
133,2009,11,Texas Tech,35,19,16,0.543,4,12,14,5,4,10,103.4,102.6,0.8,26.3,60.1,0.438,5.6,15.1,0.371,0.485,18.4,25.7,0.715,12.1,37.1,14.3,6.8,4.4,13.7,21.4,76.7,76.1,7.97
134,2009,12,Nebraska,33,15,18,0.455,2,14,12,6,1,10,101.7,100.5,1.2,23.3,52.9,0.44,6.6,16.6,0.397,0.502,13.4,19.8,0.674,9.7,32.4,14.3,6.8,2.8,12.6,19,66.5,65.7,6.6
135,2008,1,Kansas,35,27,8,0.771,14,2,18,0,6,4,,,,27,56.5,0.478,6.2,16.7,0.371,0.532,16.2,22.3,0.725,12,39.2,15.9,6.8,4.4,14.5,19,76.4,65.4,18.02
136,2008,2,Oklahoma,36,30,6,0.833,13,3,16,1,7,3,,,,27.3,55.5,0.492,6.7,19.1,0.351,0.552,17.4,25.8,0.675,12.1,38.9,14.5,6.9,4.3,13.9,17.1,78.7,67.5,18.07
137,2008,3,Missouri,38,31,7,0.816,12,4,18,0,5,4,,,,29.6,62.7,0.472,6.9,19.6,0.353,0.527,15.4,22.9,0.672,12.8,36.7,18.4,10.2,3.7,11.8,19.9,81.5,67.7,19.56
138,2008,4,Kansas State,34,22,12,0.647,9,7,16,3,5,6,,,,26.1,60.5,0.431,6.6,18.7,0.35,0.485,16.4,25.4,0.648,16.3,39.2,14.1,7.1,3,13.9,20.9,75.2,66.6,12.18
139,2008,5,Oklahoma State,35,23,12,0.657,9,7,14,2,4,6,,,,27.1,58.8,0.46,9.3,24.3,0.384,0.54,17.3,23.2,0.748,9.9,34.9,12.7,7.6,2.3,12.3,21.3,80.9,74.5,13.78
140,2008,6,Texas,35,23,12,0.657,9,7,13,2,4,6,,,,26.2,58.9,0.444,4.7,16.2,0.293,0.485,15.2,22.8,0.668,14.2,38.8,12.8,6.2,5.3,12.6,19.3,72.3,65.6,14.83
141,2008,7,Texas A&M,34,24,10,0.706,9,7,16,2,5,5,,,,24.2,53.9,0.449,5.9,16.5,0.361,0.504,17.5,25.2,0.694,12.4,36.7,12.6,4.8,3.9,12.7,17.2,71.8,67.1,10.52
142,2008,8,Nebraska,31,18,13,0.581,8,8,14,4,4,8,,,,22.1,50.7,0.437,6.6,18.4,0.361,0.502,13.6,19.4,0.702,7.3,27.8,13.2,8.5,1.7,11.5,17.8,64.5,60.4,8.92
143,2008,9,Baylor,39,24,15,0.615,5,11,14,5,4,7,,,,26.3,56.2,0.467,8.2,22.5,0.365,0.54,15.3,21.5,0.712,10.5,34.2,12.4,7.2,3.7,12.8,18.4,76,70.1,12.54
144,2008,10,Iowa State,32,15,17,0.469,4,12,13,6,2,10,,,,23.4,54.1,0.432,7.4,21.3,0.346,0.5,10.8,15.3,0.705,7.8,33.7,14.2,4,3.4,12.1,15.8,64.9,65.6,3.48
145,2008,11,Texas Tech,33,14,19,0.424,3,13,12,6,0,11,,,,27.2,60.1,0.452,7.2,19.1,0.375,0.511,16.2,22.2,0.731,10.5,35.9,15.3,5.6,2.8,14.5,21.8,77.7,79,5.04
146,2008,12,Colorado,31,9,22,0.29,1,15,8,9,0,10,,,,21.8,47.9,0.454,5.5,16,0.346,0.512,13.8,18.9,0.731,6.5,27.6,11.5,6,1.6,14.1,18.5,62.9,67.5,-0.06
147,2007,1,Kansas,40,37,3,0.925,13,3,19,0,8,3,,,,29.4,57.9,0.508,6.8,17.1,0.397,0.567,15,21.3,0.702,12.1,38.7,18,8.9,5.9,13.2,17.7,80.5,61.5,26.9
148,2007,2,Texas,38,31,7,0.816,13,3,17,1,7,3,,,,27.2,60.1,0.452,8.1,21.1,0.386,0.519,13,19.1,0.683,13.1,38.1,13.2,6,5.2,9.4,16.6,75.5,64.9,18.13
149,2007,3,Kansas State,33,21,12,0.636,10,6,14,2,3,5,,,,27.8,62.6,0.443,6.4,20.1,0.317,0.494,16.1,23.5,0.687,16.3,41.3,15.5,7.5,3.4,15.2,20.2,78,68.9,15.79
150,2007,4,Baylor,32,21,11,0.656,9,7,12,4,6,4,,,,28.1,61.8,0.454,8.6,22.7,0.378,0.524,16.5,22.2,0.743,12,37.4,12.1,7.4,4.3,12.6,20.8,81.3,74.9,11.46
151,2007,5,Oklahoma,35,23,12,0.657,9,7,14,3,4,6,,,,23.7,53.7,0.442,6.3,18.1,0.348,0.501,14.2,20.8,0.681,11.2,35.4,12.5,6.5,3.9,12.9,17,67.9,63.8,11.97
152,2007,6,Texas A&M,36,25,11,0.694,8,8,16,4,4,5,,,,25.3,54,0.467,5.9,16.3,0.359,0.522,14.4,22.8,0.633,11.8,38.9,13.5,4.4,4,12.7,17,70.8,61.6,16.2
153,2007,7,Nebraska,33,20,13,0.606,7,9,16,3,2,9,,,,23.9,52.4,0.457,5.8,16.8,0.342,0.512,13.5,20.2,0.666,10.4,34.3,14.4,8.4,2.9,13.4,16.5,67.1,60.7,11.31
154,2007,8,Oklahoma State,33,17,16,0.515,7,9,13,3,2,9,,,,23.1,53.9,0.429,7.3,21.5,0.339,0.496,14.9,20.8,0.715,11.1,32,10.7,8.3,3.2,14.6,20.5,68.4,66.5,9.39
155,2007,9,Texas Tech,31,16,15,0.516,7,9,13,2,2,10,,,,23.8,52.4,0.455,5.2,13.8,0.374,0.505,17,24.1,0.707,8.4,31.2,12.6,6.4,2.4,14.5,18.2,69.9,69.3,7.35
156,2007,10,Missouri,32,16,16,0.5,6,10,13,4,2,9,,,,28.5,62.8,0.454,6.7,20,0.334,0.507,13.4,19.4,0.69,11.8,34.8,16.7,8.1,3,12.9,20.5,77.1,72.3,11.75
157,2007,11,Iowa State,32,14,18,0.438,4,12,12,6,1,10,,,,22.5,54.2,0.416,5.9,19,0.313,0.471,13,18.1,0.72,9.6,34.8,12.5,5.2,3.9,13.2,16.1,64,65.6,3.97
158,2007,12,Colorado,32,12,20,0.375,3,13,6,9,3,10,,,,22.4,49.6,0.451,5.9,17.3,0.343,0.511,11.7,17.1,0.684,8,29.8,13.3,6.3,4.3,13.4,17.5,62.4,64.4,4.05
159,2006,1,Kansas,38,33,5,0.868,14,2,16,2,8,2,,,,29.1,59,0.494,6.1,15.4,0.396,0.545,14.1,21.3,0.66,12.8,39.7,17.1,9.2,6.5,14.2,18.9,78.4,61.7,22.62
160,2006,2,Texas A&M,34,27,7,0.794,13,3,18,1,7,3,,,,26.7,53.6,0.498,6.3,15,0.422,0.557,15.9,22.1,0.716,10.1,35.6,17.4,6.6,3.3,12.2,19.5,75.6,59.4,21.27
161,2006,3,Texas,35,25,10,0.714,12,4,15,1,6,5,,,,27.5,61.8,0.445,8.8,22.6,0.389,0.516,17.9,24.3,0.736,13.8,39.7,13.7,7.5,5.6,12.4,17.5,81.7,72.2,15.6
162,2006,4,Kansas State,35,23,12,0.657,10,6,14,3,6,8,,,,24,55.9,0.43,6.4,19.1,0.333,0.487,16.1,23.3,0.688,12.9,35.7,15.6,5.9,3.7,13.7,18.7,70.5,65.1,10.35
163,2006,5,Texas Tech,34,21,13,0.618,9,7,13,3,6,5,,,,24.8,54.6,0.453,6.1,14.9,0.412,0.509,16,21.7,0.739,9.4,30.6,13.3,6.8,1.8,11.6,17.4,71.7,69.1,9.71
164,2006,6,Missouri,30,18,12,0.6,7,9,15,4,3,6,,,,28,60.9,0.46,8.2,21.9,0.372,0.527,13.4,19.3,0.691,11.5,34.8,15.5,10.1,3,14.9,20.6,77.6,71.9,10.77
165,2006,7,Iowa State,31,15,16,0.484,6,10,12,5,3,9,,,,22.5,55,0.408,6.5,20.2,0.324,0.468,12.2,17.4,0.698,12.3,36.1,11.7,4.5,3.4,14.8,16.5,63.6,65.4,1.85
166,2006,8,Nebraska,31,17,14,0.548,6,10,12,4,2,8,,,,22.6,49.6,0.455,7.9,21,0.375,0.535,13.8,19.4,0.713,8.4,29.9,14.9,6.6,2.3,14.2,18.1,66.8,64.2,6.94
167,2006,9,Oklahoma,31,16,15,0.516,6,10,12,4,2,8,,,,24,55.1,0.435,6,18.3,0.326,0.489,12.9,18,0.72,12.5,36,13.4,6.8,4.2,13.7,18.3,66.8,59.6,13.02
168,2006,10,Oklahoma State,35,22,13,0.629,6,10,15,3,0,8,,,,26.1,55.7,0.468,6.3,17.4,0.362,0.525,16.5,22.8,0.726,11.6,35.1,14.4,7.4,3.7,16.1,18.8,75,70.3,9.63
169,2006,11,Baylor,31,15,16,0.484,4,12,13,5,0,9,,,,26.6,57.8,0.46,8.1,22.4,0.363,0.53,13.9,20.7,0.672,12.8,36.2,14,5.9,3.7,14.5,20.2,75.3,73,5.42
170,2006,12,Colorado,27,7,20,0.259,3,13,6,9,1,10,,,,24.5,58.4,0.42,5.7,18.5,0.308,0.469,14.4,22.1,0.651,13.1,37,13.3,6.9,4.3,17.5,21.2,69.1,80.1,-4.14
171,2005,1,Kansas,33,25,8,0.758,13,3,14,2,6,2,,,,27.6,58.3,0.474,6.2,16.3,0.38,0.528,13.7,20.3,0.672,13.1,39.5,17.8,9.8,5.6,15.6,18.2,75.2,61.3,20.02
172,2005,2,Texas,37,30,7,0.811,13,3,16,1,7,3,,,,26.6,57.6,0.461,7.3,19.5,0.373,0.524,14.8,20.3,0.727,14,40.5,14.8,8,5,13.5,15.2,75.2,60.3,21.89
173,2005,3,Oklahoma,29,20,9,0.69,11,5,14,1,6,5,,,,24.7,54.7,0.451,6,16.7,0.359,0.506,13.4,18.8,0.714,14.5,36.6,14.6,7.1,3.4,14.2,17.2,68.8,63.7,11.89
174,2005,4,Texas A&M,31,22,9,0.71,10,6,16,2,4,5,,,,23.4,52.5,0.446,6.5,18.2,0.361,0.508,15.4,22.6,0.679,10.5,32,16.4,8.6,3,13.4,21.5,68.7,60.3,13.19
175,2005,5,Colorado,30,20,10,0.667,9,7,15,2,4,7,,,,27.8,64,0.434,8,23.4,0.342,0.497,13.2,20.5,0.646,15.9,40.9,16.6,8.5,5.8,14,19.6,76.8,70.2,11.17
176,2005,6,Nebraska,33,19,14,0.576,7,9,14,5,3,7,,,,22.3,54.4,0.41,6.7,19.3,0.347,0.472,15.4,23,0.67,13.4,38.6,13.3,6.5,3.9,15.6,16.5,66.7,66.1,6.31
177,2005,7,Iowa State,30,16,14,0.533,6,10,10,6,3,6,,,,28.9,64.1,0.451,6.7,19.5,0.343,0.503,12.8,18.3,0.699,13.1,33.3,16.5,9.7,2.5,13.1,20.4,77.3,74.6,9.44
178,2005,8,Kansas State,28,15,13,0.536,6,10,13,4,2,8,,,,24.4,54.9,0.444,4.4,12,0.362,0.484,15.1,21.3,0.711,12.8,36.4,16.1,6,3.4,15,17.8,68.3,63.9,8.96
179,2005,9,Oklahoma State,33,17,16,0.515,6,10,11,5,3,9,,,,25.6,53.2,0.481,4.7,13,0.359,0.525,14.5,19.7,0.737,11.8,33.8,15,8.1,3.4,17.3,19.6,70.4,65.8,11.25
180,2005,10,Texas Tech,32,15,17,0.469,6,10,12,4,2,9,,,,24.2,55.1,0.439,5.4,13.8,0.39,0.488,14.5,20.4,0.712,9.6,33.4,15.1,5.5,2.4,14,16.2,68.3,68.6,6.31
181,2005,11,Missouri,28,12,16,0.429,5,11,11,5,1,9,,,,23.6,55.1,0.428,6.1,18.3,0.337,0.484,13,20,0.651,12.6,33.7,12,6,2.3,15.8,18.1,66.3,70.4,1.99
182,2005,12,Baylor,17,4,13,0.235,4,12,4,4,0,8,,,,21.6,54.3,0.398,7.9,21.2,0.372,0.47,12.1,17.5,0.691,10,31.9,10.9,6.2,4.2,15.2,20,63.2,72.5,2.3
183,2004,1,Kansas,30,23,7,0.767,12,4,15,1,6,4,,,,26.7,56.1,0.476,6.6,18,0.367,0.534,15,21.6,0.695,11.7,37.6,16.5,6.6,3.8,14.4,19.1,75,65.2,20.68
184,2004,2,Oklahoma,33,25,8,0.758,12,4,14,1,6,3,,,,27.5,57.8,0.476,6.5,17.5,0.372,0.532,13.6,19.8,0.69,13,35.5,15.5,8.8,4.1,13.6,18.4,75.2,63.3,19.96
185,2004,3,Oklahoma State,33,26,7,0.788,11,5,13,1,7,4,,,,27.6,55.5,0.497,7.3,17.1,0.426,0.562,15.8,20.2,0.78,11.3,34,16.8,7.3,2.6,13.7,18.2,78.3,65.2,21.39
186,2004,4,Texas Tech,33,22,11,0.667,10,6,13,2,5,5,,,,28.2,59.3,0.476,4.4,11.1,0.396,0.513,15.9,21.1,0.756,11.2,35,16.8,7.8,3.7,12.8,16.8,76.8,69.3,16.23
187,2004,5,Iowa State,31,19,12,0.613,9,7,13,3,4,7,,,,25.3,57.9,0.437,3.6,12.5,0.292,0.469,13.9,20.4,0.682,12.1,35.5,14.3,9.5,3.9,13.1,16.9,68.1,64.7,11.37
188,2004,6,Texas,31,20,11,0.645,9,7,14,2,4,6,,,,26.3,57.7,0.456,7.8,20.2,0.388,0.524,16.4,23.5,0.697,13.5,39.6,13.1,6,4.3,14,17.7,76.9,68.5,15.49
189,2004,7,Texas A&M,31,21,10,0.677,8,8,17,3,4,6,,,,25.3,52.1,0.486,6.3,16.1,0.391,0.547,16.7,24.4,0.683,11,35.4,16.4,6.5,3.5,14,22.5,73.6,63.5,13.15
190,2004,8,Missouri,33,16,17,0.485,7,9,14,5,1,8,,,,21.8,53.2,0.409,6.5,21.1,0.306,0.47,14.3,21,0.683,12.1,34.8,12.4,6.2,2.2,14.4,19,64.4,66.3,7.3
191,2004,9,Nebraska,28,14,14,0.5,7,9,10,6,4,7,,,,23.6,55.6,0.425,6.2,19.6,0.316,0.481,14.6,22.1,0.66,13.1,38.3,13.6,5.9,4,14.2,19.4,68,63.9,9.39
192,2004,10,Kansas State,29,17,12,0.586,6,10,13,5,2,6,,,,24.6,56,0.439,5.8,15.3,0.377,0.49,14.2,20.8,0.684,11.9,35,15.9,6.8,2.2,12.4,16.6,69.1,65.9,9.98
193,2004,11,Colorado,30,14,16,0.467,4,12,9,6,4,9,,,,25.7,59.1,0.435,7.4,21.1,0.353,0.497,12.7,20.2,0.629,12.3,36.2,14,6.3,5.3,13.9,19,71.6,73.9,4.91
194,2004,12,Baylor,28,9,19,0.321,1,15,8,9,1,9,,,,22.9,51.5,0.444,7.8,21.1,0.367,0.519,13.1,18.7,0.698,10.6,27.7,13.3,7.6,1.9,15.9,17.6,66.5,71.7,-2.79
195,2003,1,Oklahoma State,35,31,4,0.886,14,2,15,0,7,2,,,,28.6,55.8,0.513,4.7,12.6,0.376,0.556,15.1,21.7,0.695,11.2,35.8,16,7.7,3.7,13.4,18.7,77.1,62.5,20.85
196,2003,2,Kansas,33,24,9,0.727,12,4,13,1,5,5,,,,27.1,58.3,0.465,5.7,17,0.335,0.514,15.9,22.5,0.707,12.4,39.5,17.3,7,5,14.7,20,75.8,67.2,17.1
197,2003,3,Texas,33,25,8,0.758,12,4,15,1,6,3,,,,27.4,62,0.442,6.9,18.5,0.372,0.497,15,22,0.68,15.7,41.1,13.5,6.6,3.8,11.8,19.5,76.6,66.5,18.52
198,2003,4,Colorado,29,18,11,0.621,10,6,12,3,6,7,,,,26.1,56.4,0.464,6.5,17.4,0.372,0.521,15.4,24.8,0.621,12.5,38.7,13.9,5.9,6,14.6,17.9,74.2,70.7,9.68
199,2003,5,Missouri,30,16,14,0.533,9,7,10,4,5,8,,,,25.9,58.1,0.446,6.9,19.7,0.351,0.505,15.5,21.8,0.709,13.7,37.8,13.9,5.6,4.3,14.4,19.2,74.2,72.6,10.67
200,2003,6,Texas Tech,34,23,11,0.676,9,7,15,1,4,7,,,,27.1,58.4,0.464,3.7,10.9,0.337,0.496,15.3,20.7,0.741,11.3,33.9,14.9,8.2,3.4,12.5,16.5,73.2,66.7,14.71
201,2003,7,Oklahoma,31,20,11,0.645,8,8,14,3,3,7,,,,23,56.4,0.408,6.6,20,0.333,0.467,13.6,20.4,0.669,13,33.9,12.1,8.5,5,13.1,20.1,66.4,62.1,10.53
202,2003,8,Iowa State,33,20,13,0.606,7,9,17,1,2,10,,,,28,60.1,0.466,4.7,12.7,0.368,0.505,13.8,21.2,0.653,13,37.6,14.4,8,4.3,14.8,17.1,74.6,72.7,9.22
203,2003,9,Kansas State,28,14,14,0.5,6,10,12,4,2,9,,,,25.3,56.8,0.445,4.5,13.1,0.343,0.485,14.3,21,0.681,12.8,38.1,15.3,5.4,2.7,14.2,18.5,69.4,65.5,8.7
204,2003,10,Nebraska,31,18,13,0.581,6,10,15,3,3,9,,,,24.7,52.9,0.466,6.8,17.4,0.389,0.53,14.3,19.9,0.718,11.5,36.1,14,6.3,3.9,13.5,18.5,70.5,62.9,12.66
205,2003,11,Baylor,29,8,21,0.276,3,13,6,11,1,9,,,,22.6,53.1,0.426,5.8,18.4,0.315,0.481,12.7,18.3,0.691,12.2,31.9,12.1,7.4,2.6,15.4,16,63.7,70.4,-2.73
206,2003,12,Texas A&M,28,7,21,0.25,0,16,5,9,2,11,,,,25.1,60.4,0.416,6.1,18.8,0.326,0.467,15.6,22.8,0.684,15.8,38,14.8,6.1,1.3,14.9,21.2,71.9,76.4,-1.51
207,2002,1,Kansas,38,30,8,0.789,14,2,15,1,7,2,,,,31.1,63,0.494,4.8,14.4,0.335,0.532,15.6,23.8,0.656,14.5,41.8,17.2,9.8,5.1,14.8,16.7,82.7,66.9,25
208,2002,2,Texas,33,26,7,0.788,13,3,14,0,5,4,,,,27.8,62.3,0.446,5.9,16.7,0.356,0.493,17.9,24.8,0.721,16.1,42,14.5,6.2,3.7,13.1,20.5,79.3,69.7,18.91
209,2002,3,Oklahoma,34,27,7,0.794,12,4,15,1,5,3,,,,25.1,56.2,0.446,7.4,18.8,0.392,0.512,12.8,18.5,0.693,12.2,36.8,14.2,7,3.6,12.1,18.2,70.4,60,18.86
210,2002,4,Oklahoma State,32,22,10,0.688,10,6,13,2,6,5,,,,25,55.8,0.448,4.9,15.5,0.317,0.492,14.6,22.5,0.65,12.4,36.7,12.8,8.9,5.3,14.8,20.1,69.5,62.6,14.62
211,2002,5,Colorado,32,20,12,0.625,9,7,14,1,3,9,,,,27.2,61.3,0.443,5,15.2,0.326,0.484,15.9,23.7,0.669,14.4,42.2,13.3,6.1,6.7,14,17.8,75.2,70.3,12.83
212,2002,6,Missouri,33,22,11,0.667,9,7,14,1,3,7,,,,26.4,59.4,0.444,7.6,21.2,0.361,0.508,12,18.2,0.662,13.2,39.4,13.7,5.6,4.4,13.8,17,72.4,67.7,14.88
213,2002,7,Texas A&M,28,14,14,0.5,6,10,10,4,2,8,,,,25.2,59,0.427,7,19.4,0.363,0.487,14.5,21,0.69,10.7,36.6,16,6.1,2.1,14.9,19.8,72,73.2,5.98
214,2002,8,Texas Tech,35,22,13,0.629,6,10,13,4,6,7,,,,28,59.8,0.468,3.2,10.2,0.314,0.495,13.5,20.4,0.663,11.5,34.6,16.1,8.5,2.4,11.5,15.9,72.7,66.1,14.81
215,2002,9,Baylor,28,14,14,0.5,5,11,10,6,2,7,,,,23.6,58,0.407,9.1,26.5,0.342,0.485,12.7,17.5,0.725,11.7,34.9,14.2,8.3,3,13.3,15.8,69,68.4,6.05
216,2002,10,Iowa State,31,17,14,0.548,5,11,14,5,2,8,,,,26.3,57.7,0.455,5.7,15.2,0.376,0.504,12.3,18.2,0.677,11.2,36.4,12,5.6,5.5,13.2,18.8,70.5,66.2,9.82
217,2002,11,Kansas State,30,13,17,0.433,4,12,11,5,1,9,,,,25.5,55.8,0.458,5.6,15.6,0.361,0.508,12.9,20.6,0.629,11.4,37.1,15.4,4.9,3.6,13.2,18,69.6,66.2,10.14
218,2002,12,Nebraska,30,11,19,0.367,3,13,9,6,0,11,,,,22.9,57.5,0.398,4.6,16.8,0.276,0.438,13,20,0.649,12.6,38.1,11.2,6.3,3.2,14.4,18.2,63.3,68.5,3.46
219,2001,1,Kansas,37,33,4,0.892,16,0,13,0,11,1,,,,34,67.2,0.506,6.1,14.5,0.418,0.551,16.8,23.4,0.719,15.1,44.3,20.7,9.6,5.7,16.3,,90.9,74.7,24.38
220,2001,2,Oklahoma,36,31,5,0.861,13,3,16,0,7,4,,,,28.1,63.4,0.443,6.6,18.7,0.35,0.495,15.3,19.9,0.767,15.1,40,14.4,9,3.7,11.9,,78,64.6,21.02
221,2001,3,Oklahoma State,32,23,9,0.719,10,6,13,2,5,5,,,,26.1,58.2,0.448,5.2,15.9,0.327,0.493,14.3,22.1,0.644,15,40,14.4,7.7,3.4,15.2,,71.7,64.1,14.4
222,2001,4,Texas,34,22,12,0.647,10,6,10,5,7,3,,,,27.9,61.6,0.453,5.9,16,0.368,0.5,16.4,23.9,0.687,15.4,39.9,15.2,6.2,3.9,13.7,,78.1,73.2,14.32
223,2001,5,Texas Tech,32,23,9,0.719,10,6,15,2,6,5,,,,29.1,62.5,0.466,4.6,12.1,0.376,0.502,16.4,24,0.682,13.1,38.4,18.4,7.6,4.2,12.4,,79.1,71.6,14.72
224,2001,6,Missouri,36,24,12,0.667,9,7,14,3,4,6,,,,28.6,62.6,0.458,9.1,23.2,0.391,0.53,13.6,19.7,0.69,14.9,39.3,15,7.3,4.3,14.2,,79.9,72.5,14.22
225,2001,7,Kansas State,29,13,16,0.448,6,10,12,5,0,10,,,,24.6,55.7,0.441,5.2,15,0.348,0.488,14.1,21.2,0.664,11.5,35,14.1,5.8,4,14.4,,68.4,70.7,3.81
226,2001,8,Nebraska,28,13,15,0.464,6,10,12,4,1,10,,,,23.4,59.6,0.393,9.5,26,0.366,0.473,13.4,19.8,0.676,11.4,35.6,14.1,7.3,3.1,11.3,,69.8,70.7,4.41
227,2001,9,Colorado,29,15,14,0.517,5,11,12,4,2,9,,,,28.8,63.5,0.453,6.6,18.6,0.357,0.505,15.6,23,0.677,15,43.1,17.5,6.1,4.7,14.7,,79.7,77.9,6.17
228,2001,10,Baylor,30,14,16,0.467,4,12,12,4,1,10,,,,26.7,60.7,0.439,9.1,24.9,0.366,0.514,14.1,19.6,0.718,12.4,36.1,17.1,9.3,3.9,14.3,,76.5,72.2,6.23
229,2001,11,Iowa State,31,12,19,0.387,4,12,11,6,0,10,,,,23.9,52,0.461,3.3,8.6,0.381,0.492,18.5,24.8,0.748,10.9,35.6,11.1,5,4.2,14.7,,69.7,69.7,4.02
230,2001,12,Texas A&M,31,9,22,0.29,3,13,5,9,3,9,,,,23.5,57.5,0.41,5.8,17.7,0.325,0.46,12.1,18.6,0.652,12.9,36.7,14.8,5.3,3.6,17.2,,65,73.9,-3.02
231,2000,1,Iowa State,31,25,6,0.806,13,3,16,0,6,4,109.6,94.6,15,26.5,56,0.474,5.9,14.1,0.417,0.527,20.1,27.6,0.728,12.1,39.6,13.8,6.1,3.3,15.1,20.5,79.1,68.2,15.9
232,2000,2,Kansas,33,26,7,0.788,12,4,14,1,8,4,110.2,93.1,17.1,30.4,60.5,0.502,5.5,14.1,0.394,0.548,15.8,23.9,0.659,13.4,42.6,19.4,6.6,5.2,16.1,19.6,82,69.3,20.23
233,2000,3,Oklahoma,33,26,7,0.788,12,4,13,1,5,5,109,94.3,14.8,26,58.3,0.446,7.3,19.3,0.381,0.509,15,20.2,0.74,12.7,35.9,13.5,8.5,2.8,12.7,21.4,74.4,64.3,15.56
234,2000,4,Texas,34,25,9,0.735,12,4,16,1,6,5,100.1,92.3,7.7,24.1,58.5,0.412,6.3,18.4,0.343,0.466,16,24.6,0.65,14.2,39.6,12.2,7.9,5.6,14.8,22.7,70.5,65,14.25
235,2000,5,Oklahoma State,30,20,10,0.667,10,6,15,1,4,7,99.6,90.5,9,25.6,55.1,0.464,4.3,13.2,0.327,0.503,15.5,24.5,0.633,12.1,38,13.5,8,3.8,16.9,18.9,71,64.5,10.83
236,2000,6,Missouri,33,20,13,0.606,9,7,13,1,3,8,103.9,100.1,3.8,25.7,61.1,0.42,8.5,22.2,0.38,0.49,15.8,22.5,0.701,14.1,38.2,12.7,7.8,4,15.1,20.6,75.5,72.8,10.76
237,2000,7,Nebraska,30,14,16,0.467,7,9,8,6,3,9,104.2,101.8,2.3,25.8,53,0.487,6.1,16,0.383,0.545,13.3,22.3,0.597,12.7,35.8,15.3,7.9,3.8,17.6,19.1,71.1,69.5,7.94
238,2000,8,Baylor,31,19,12,0.613,6,10,14,3,3,8,101.7,92.1,9.6,25.3,56.4,0.449,6.1,20.3,0.298,0.502,14.6,21.7,0.673,10.7,36.1,15.3,8.8,2.4,14.4,17.5,71.3,64.5,7.39
239,2000,9,Colorado,30,15,15,0.5,5,11,8,7,6,6,106.3,98.8,7.4,27.9,60.6,0.46,6.2,17.3,0.359,0.512,18.6,26.1,0.714,13.4,39.5,17.2,7.6,3.2,16.5,21.8,80.6,75,11.11
240,2000,10,Kansas State,29,11,18,0.379,4,12,8,7,2,10,91.8,98.3,-6.4,23.1,56,0.412,3.4,10.3,0.328,0.442,14,21.6,0.651,12.7,37.9,12,5.4,3.2,15.7,19.4,63.6,68,3.96
241,2000,11,Texas A&M,30,10,20,0.333,3,13,7,7,1,10,96.8,106.8,-10,23.9,56.4,0.423,4.3,14.5,0.297,0.461,17.4,25.9,0.671,13.3,37.1,13.2,6,2.4,16.2,21.7,69.4,76.6,-2.18
242,2000,12,Texas Tech,28,9,19,0.321,3,13,6,8,2,9,93.8,101.2,-7.4,24.8,59.6,0.416,5,17.6,0.282,0.458,13.9,20.6,0.675,12.5,36.4,14.6,7.5,3.7,16,17.1,68.5,73.9,0.12
243,1999,1,Iowa State,37,32,5,0.865,14,2,,,,,110.1,91.6,18.6,28.1,57.8,0.485,5.1,14,0.367,0.529,17.1,24.3,0.703,12.2,38.4,15.3,7.5,3.2,14,15.3,78.3,65.1,19.09
244,1999,2,Texas,33,24,9,0.727,13,3,,,,,105.1,89.9,15.3,26.5,56.7,0.468,5.6,14.8,0.378,0.518,15.8,24.5,0.646,13.1,39.3,14.6,7.4,5.1,15.6,18,74.5,63.7,20.43
245,1999,3,Oklahoma,34,27,7,0.794,12,4,,,,,110.6,92,18.6,27,58.9,0.458,7.7,20.2,0.383,0.523,13.2,18.6,0.71,13,36.9,15.4,7.1,2.6,12.8,18.9,74.9,62.3,19.25
246,1999,4,Oklahoma State,34,27,7,0.794,12,4,,,,,108.9,88,20.9,27.4,57.2,0.479,6.4,16.4,0.386,0.535,15.8,22.6,0.701,11.6,38.6,18.9,7.6,3.6,14.2,17,77.1,62.3,20.01
247,1999,5,Kansas,34,24,10,0.706,11,5,,,,,102.7,91.4,11.3,30.7,66.7,0.46,4.7,13.6,0.343,0.495,12.6,19.4,0.65,16.6,44.3,18.5,9.2,5.5,17.3,21.3,78.7,70.1,17.94
248,1999,6,Missouri,31,18,13,0.581,10,6,,,,,103.5,97.5,6,24.9,58.8,0.423,9.4,25.9,0.362,0.503,15.1,21.3,0.71,10.8,33.5,13.7,8.9,2,13.3,19.4,74.3,69.9,12.55
249,1999,7,Colorado,32,18,14,0.563,7,9,,,,,102.3,97.7,4.6,26.4,61.8,0.426,4.8,14.2,0.339,0.465,17.7,25.8,0.686,14.8,40.3,14.9,8.6,3.6,14.2,19.2,75.2,71.8,8.58
250,1999,8,Baylor,29,14,15,0.483,4,12,,,,,94.6,96.2,-1.6,23.7,55.9,0.423,7.1,22,0.324,0.487,12.2,19,0.644,11.4,35.7,14.8,8.9,4.4,17.1,17,66.7,67.8,2.2
251,1999,9,Nebraska,30,11,19,0.367,4,12,,,,,94.8,102.7,-7.9,24.6,57.6,0.426,4.8,14.5,0.332,0.468,14.4,23.3,0.617,15,40.6,13.5,7.4,4.8,17.6,19.1,68.3,74,1.17
252,1999,10,Texas A&M,28,8,20,0.286,4,12,,,,,94.3,107.8,-13.5,23,55.9,0.412,6.4,20.1,0.319,0.469,12.8,19.1,0.67,13,35.6,14.1,7.3,1.9,17,18.9,65.2,74.5,-3.85
253,1999,11,Texas Tech,28,12,16,0.429,3,13,,,,,100.4,103,-2.6,24.6,55.9,0.44,5.8,17,0.339,0.492,15.4,21.2,0.725,10.5,35.9,13.2,6.1,4.9,14.9,16.4,70.3,72.1,3.32
254,1999,12,Kansas State,28,9,19,0.321,2,14,,,,,94.5,104.6,-10.2,24.8,58.1,0.426,6.7,18.1,0.368,0.484,11.9,17.8,0.667,13.4,37.5,13.5,6.9,4.2,18.9,19.4,68.1,75.4,1
255,1998,1,Texas,32,19,13,0.594,13,3,,,,,99.1,94,5.1,23.4,55.1,0.424,4.8,14.8,0.324,0.468,16.9,26,0.65,14.3,39,11.5,8.2,5.1,16.1,17,68.4,64.9,10.89
256,1998,2,Kansas,33,23,10,0.697,11,5,,,,,101.6,90.9,10.8,26.5,59.1,0.448,5,14.6,0.342,0.49,14.2,21.5,0.66,14,40.9,15.8,8,4.3,15.6,17.9,72.1,64.5,16.3
257,1998,3,Missouri,29,20,9,0.69,11,5,,,,,101.1,89.1,12,25.6,57.5,0.445,6.2,16.3,0.38,0.499,14.4,22.3,0.648,11.6,37.7,14.2,8.8,3.7,14.6,17.9,71.8,63.2,12.5
258,1998,4,Oklahoma,33,22,11,0.667,11,5,,,,,102.8,90.6,12.2,23.5,55.9,0.421,8.3,21.4,0.388,0.495,12.7,19.5,0.651,13,37,13.6,6.9,3.8,14,18.5,68.1,60,13.28
259,1998,5,Nebraska,33,20,13,0.606,10,6,,,,,94.2,91.8,2.4,24.2,53.5,0.453,3.4,11.1,0.31,0.485,14.1,21.7,0.651,11.7,35.4,14.8,10.9,4.8,18.1,17.7,66,64.3,7.61
260,1998,6,Oklahoma State,34,23,11,0.676,10,6,,,,,105.9,93.4,12.5,25,56.5,0.443,6.8,18.9,0.361,0.504,14.6,20.9,0.701,12.1,35.3,17,7.7,2.9,13.2,17,71.5,63.1,12.61
261,1998,7,Colorado,33,18,15,0.545,7,9,,,,,98.8,92.5,6.3,25.4,61.4,0.414,6.6,19.2,0.344,0.468,15.6,23.5,0.665,12.8,37.9,14.6,8.5,3.8,14.7,19.2,73.1,68.4,7.25
262,1998,8,Kansas State,33,20,13,0.606,7,9,,,,,98.5,91.1,7.4,24.4,56.5,0.431,5.1,15.1,0.338,0.476,15.3,23.2,0.661,13.7,42.5,14.5,6.4,4.4,16.4,17.9,69.2,64,10.31
263,1998,9,Iowa State,30,15,15,0.5,6,10,,,,,98.3,95.1,3.2,22.3,52.7,0.423,4.4,13.4,0.325,0.464,14,19.9,0.701,11.2,35.8,11.9,5.8,2.6,12.9,16.1,62.9,60.8,5.46
264,1998,10,Texas A&M,27,12,15,0.444,5,11,,,,,95.3,100.5,-5.2,23.1,56.3,0.411,6,19.3,0.31,0.465,17,24.7,0.689,12.9,36.8,14.1,8,2.7,17.8,21.3,69.3,73.1,-0.73
265,1998,11,Texas Tech,30,13,17,0.433,5,11,,,,,96,100.7,-4.6,24.3,53.9,0.451,5.9,15.2,0.391,0.506,15.8,22.9,0.689,11.2,37.2,14.4,6.8,4.6,19.4,18,70.3,73.7,-0.24
266,1998,12,Baylor,30,6,24,0.2,0,16,,,,,87.6,99.6,-12,21.5,56.8,0.378,5.4,18.8,0.288,0.426,13.2,20.1,0.656,12.7,36.1,10.3,7.2,3.5,17.3,20.4,61.5,70,-5.53
267,1997,1,Kansas,39,35,4,0.897,15,1,,,,,112.9,89.9,23,32,65,0.493,5.9,15.6,0.375,0.538,14.7,21.6,0.681,15.5,43.1,19.1,8.1,5.6,16,16.7,84.6,67.4,22.83
268,1997,2,Oklahoma,33,22,11,0.667,11,5,,,,,107,97.9,9.1,25.1,56.4,0.446,5.5,15.7,0.351,0.495,18.8,26.9,0.701,14.3,38.2,14.5,7.4,4.2,15.5,19.7,74.6,68.3,9.41
269,1997,3,Oklahoma State,29,22,7,0.759,11,5,,,,,109.1,95.8,13.4,28,60,0.467,5.8,17.4,0.331,0.515,17.1,24.2,0.704,12.9,36.9,17,8.6,1.8,13.9,17.1,78.9,69.2,14.3
270,1997,4,Nebraska,32,20,12,0.625,10,6,,,,,98.7,94.5,4.2,27.1,60.6,0.447,4.7,13.6,0.344,0.486,12.7,20.3,0.626,14.8,39.5,16,10,4.9,17.3,18.2,71.6,68.5,8.72
271,1997,5,Baylor,28,14,14,0.5,8,8,,,,,96.6,99,-2.4,24.1,58.2,0.415,7.8,23.2,0.334,0.482,14.3,23.1,0.619,12.9,38.7,14.1,6.8,4.1,16.2,19.4,70.4,72.1,3.19
272,1997,6,Missouri,32,17,15,0.531,8,8,,,,,97.7,98.5,-0.8,24.7,58.5,0.423,6.7,18.1,0.369,0.48,15.1,21.6,0.7,12.3,37.2,14.2,8,2.8,16.5,18.8,71.3,71.8,6.81
273,1997,7,Colorado,27,13,14,0.481,7,9,,,,,99.5,101.7,-2.2,24.5,60.7,0.404,5.7,16.3,0.347,0.45,16.8,24.4,0.688,15,39.2,15.4,6.6,4,14.3,18.2,71.4,73,2.15
274,1997,8,Kansas State,29,17,12,0.586,7,9,,,,,104.1,95.8,8.3,27.4,59.8,0.459,5.9,16.8,0.35,0.508,13.8,19.8,0.696,12.9,38.8,16.9,7.4,4.2,15.3,19.1,74.5,68.6,9.39
275,1997,9,Texas Tech,27,13,14,0.481,7,9,,,,,104.2,105.9,-1.7,26.4,58.7,0.45,7.7,20.7,0.372,0.516,16.7,24.1,0.693,10.3,36.4,14.6,6.3,3,14.4,19.1,77.3,78.6,4.07
276,1997,10,Texas,31,14,17,0.452,6,10,,,,,102.9,105.4,-2.5,27.9,64.7,0.431,7.6,23.1,0.329,0.49,16,23.6,0.68,15.4,40.3,14.2,7.4,6.5,16.7,22,79.5,81.4,4.53
277,1997,11,Iowa State,30,12,18,0.4,5,11,,,,,93.7,99.6,-5.9,22.7,51.6,0.44,3.5,11.9,0.295,0.474,14.8,23,0.642,11.9,36.3,12.2,5.4,3.3,17.1,16.6,63.7,67.7,0.76
278,1997,12,Texas A&M,27,7,20,0.259,1,15,,,,,95.4,98.4,-3,28.2,66,0.427,4.7,15.3,0.308,0.463,14,24.1,0.579,15.6,40.6,17.1,10.7,3.5,16.7,21.5,75,77.4,0.04
279,1996,1,Kansas,36,34,2,0.944,15,1,,,,,113,87.9,25,30.1,61.7,0.488,5.3,14.1,0.379,0.531,19.4,28,0.693,15.4,42.6,16.6,9.8,6.2,15.9,18.7,84.9,66.1,26.6
280,1996,2,Colorado,32,22,10,0.688,11,5,,,,,99.8,95,4.8,25.7,60.9,0.422,4.6,12.7,0.362,0.46,17.1,25.1,0.681,13.4,39,14.7,8.1,5.5,13.8,20.1,73.1,69.6,9.69
281,1996,3,Iowa State,31,22,9,0.71,10,6,,,,,102.9,92,10.9,24.1,53.1,0.453,4.8,12,0.401,0.499,14.6,22.2,0.656,11.8,35.5,15.5,5.7,5.2,14.2,14.2,67.5,60.4,13.43
282,1996,4,Texas,30,18,12,0.6,10,6,,,,,101.9,98,3.8,26,63,0.413,7.4,23,0.322,0.472,16.9,24.7,0.683,15.2,38.8,12.8,9.3,4.4,15.4,22.9,76.3,73.5,12.34
283,1996,5,Texas Tech,28,19,9,0.679,10,6,,,,,109.6,101.7,7.9,27.8,58.8,0.473,7.2,17.7,0.406,0.534,17.3,24.4,0.709,13.3,40,16.2,5.8,3.5,16.1,17.5,80.1,74.3,12.51
284,1996,6,Oklahoma,30,19,11,0.633,9,7,,,,,107.1,94.2,12.9,25,58,0.431,6.5,18.4,0.351,0.487,17.7,24.5,0.724,14.3,35.1,13.3,8.7,3.2,14.2,21.2,74.3,65.3,13.97
285,1996,7,Nebraska,33,18,15,0.545,7,9,,,,,100.9,98.8,2.1,27.1,58.4,0.464,3.4,10.6,0.324,0.494,15.3,22.8,0.67,14.8,39.2,13.6,9,6.1,17.7,21.1,72.9,71.4,9.71
286,1996,8,Oklahoma State,32,17,15,0.531,7,9,,,,,105.2,105.2,0,25.8,54.3,0.476,5.6,15.4,0.362,0.527,12.2,17.6,0.691,12,35,15.5,6,2.3,15.5,17.8,69.4,69.5,6.96
287,1996,9,Baylor,30,18,12,0.6,6,10,,,,,97.9,94.6,3.4,25.9,60.1,0.431,7.6,22.7,0.334,0.494,12.3,21.7,0.568,13,36.9,14.6,7.1,4.5,15.8,20.3,71.6,69.2,4.4
288,1996,10,Missouri,33,16,17,0.485,5,11,,,,,101,98.6,2.4,25.2,56.2,0.448,6,16.6,0.359,0.501,17.7,23.3,0.758,11.1,34.9,15.8,7.6,2.2,16.8,20.6,73.9,72.2,8.95
289,1996,11,Kansas State,27,10,17,0.37,3,13,,,,,90.3,97.9,-7.6,22.9,59.3,0.386,3.6,12.5,0.288,0.416,14.9,22.3,0.667,14.2,38.9,13,6.8,4.7,15.3,18.6,64.2,69.6,1.75
290,1996,12,Texas A&M,27,9,18,0.333,3,13,,,,,92,96.5,-4.6,24,56.6,0.423,4.6,13.5,0.338,0.464,12.5,20.2,0.618,13.2,37.2,15.1,8.6,3.1,17.4,22.2,65,68.2,2.43